a,colorfully,dressed,child,rides,a,bike,@@NULL@@
A,child,in,a,wagon,rolls,down,a,hill,.,@@NULL@@
A,man,wearing,football,pads,.,@@NULL@@
Families,have,some,dogs,in,front,of,a,carousel,@@NULL@@
a,person,is,relaxing,on,his,day,off,@@NULL@@
A,person,walking,inside,a,building,.,@@NULL@@
He,is,heading,to,the,cabin,down,the,trail,.,@@NULL@@
Man,performs,a,juggling,act,on,a,unicycle,.,@@NULL@@
Cars,and,tents,are,at,the,foot,of,the,mountain,.,@@NULL@@
A,kid,climbing,some,logs,@@NULL@@
Two,men,cut,some,plastic,.,@@NULL@@
Someone,is,sawing,.,@@NULL@@
The,statue,was,standing,in,the,garage,.,@@NULL@@
woman,holds,baby,@@NULL@@
An,old,woman,sleeps,in,the,kitchen,.,@@NULL@@
A,boy,wearing,green,shorts,and,a,green,t,-,shirt,runs,on,a,track,.,@@NULL@@
A,man,is,cooking,for,his,friends,.,@@NULL@@
The,town,hall,@@NULL@@
The,two,men,are,friends,@@NULL@@
Everyone,is,in,a,restaurant,.,@@NULL@@
There,is,a,boy,in,the,water,.,@@NULL@@
Person,with,an,orange,bandanna,is,playing,the,flute,.,@@NULL@@
2,male,humans,are,working,construction,.,@@NULL@@
A,woman,is,sitting,in,a,room,with,other,people,.,@@NULL@@
Some,girls,playing,basketball,.,@@NULL@@
The,angry,bull,is,attacking,the,matador,and,quite,rightly,so,@@NULL@@
Two,dogs,play,.,@@NULL@@
Two,teams,playing,soccer,",",practicing,for,the,Olympics,.,@@NULL@@
The,people,are,climbing,a,mountain,.,@@NULL@@
A,person,holding,a,child,.,@@NULL@@
The,people,are,outdoors,.,@@NULL@@
The,gentleman,is,speaking,to,an,old,lady,.,@@NULL@@
the,man,takes,a,video,clip,@@NULL@@
The,group,of,people,are,game,developers,creating,a,new,video,game,in,their,office,.,@@NULL@@
There,is,a,group,of,people,present,.,@@NULL@@
There,is,a,child,and,a,birdhouse,.,@@NULL@@
people,outside,@@NULL@@
The,man,is,holding,a,drink,.,@@NULL@@
The,young,woman,is,sitting,on,a,bench,in,the,rain,.,@@NULL@@
A,woman,sits,outside,on,the,dock,.,@@NULL@@
the,children,are,singing,at,home,@@NULL@@
A,girl,standing,near,ice,.,@@NULL@@
A,man,is,looking,in,a,telescope,.,@@NULL@@
The,old,lady,was,walking,.,@@NULL@@
A,crowd,of,people,are,headed,to,work,.,@@NULL@@
A,choir,singing,at,a,baseball,game,.,@@NULL@@
The,married,couple,stood,under,the,umbrella,.,@@NULL@@
THe,girl,is,cute,@@NULL@@
A,car,making,a,right,turn,had,three,pedestrians,cross,behind,it,.,@@NULL@@
An,Indian,woman,visits,the,outdoor,bazaar,to,buy,rice,.,@@NULL@@
A,couple,people,are,doing,activities,on,a,nice,day,in,a,boat,.,@@NULL@@
A,person,is,hanging,sausages,in,a,market,.,@@NULL@@
A,dog,waterskiing,in,a,river,with,a,large,wall,in,the,background,.,@@NULL@@
A,girl,is,wearing,a,dress,.,@@NULL@@
A,dog,is,mid,-,air,",",jumping,to,catch,a,tennis,ball,.,@@NULL@@
It,is,the,child,'s,first,time,hiking,.,@@NULL@@
A,crowd,of,people,is,celebrating,Easter,.,@@NULL@@
A,group,of,people,stand,together,.,@@NULL@@
the,young,boy,is,wearing,black,@@NULL@@
A,man,in,a,hat,.,@@NULL@@
A,snowboarder,is,performing,tricks,.,@@NULL@@
A,young,man,shows,a,group,of,people,the,black,web,painted,on,his,face,.,@@NULL@@
A,woman,stands,by,a,business,.,@@NULL@@
A,man,is,sitting,down,reading,a,newspaper,.,@@NULL@@
people,are,with,a,dog,@@NULL@@
There,are,some,people,at,a,business,meeting,.,@@NULL@@
A,young,boy,swings,@@NULL@@
The,players,are,playing,rugby,.,@@NULL@@
A,man,is,sitting,on,a,car,.,@@NULL@@
The,boy,is,afraid,to,ride,his,bicycle,so,he,lets,it,sit,in,the,garage,and,collect,rust,.,@@NULL@@
The,children,are,near,some,cars,.,@@NULL@@
People,are,outside,tossing,a,ball,.,@@NULL@@
People,look,outside,.,@@NULL@@
The,man,works,with,a,tattoo,business,.,@@NULL@@
two,men,cut,grass,by,hand,@@NULL@@
A,man,takes,a,nap,in,the,dark,room,.,@@NULL@@
Three,people,sit,in,a,paddle,boat,.,@@NULL@@
A,young,man,is,sleeping,while,in,the,sitting,position,.,@@NULL@@
The,ambulance,has,its,sirens,on,@@NULL@@
Some,men,are,standing,on,top,of,a,car,.,@@NULL@@
A,man,is,wearing,a,red,belt,.,@@NULL@@
The,man,is,not,talking,.,@@NULL@@
The,football,player,wearing,the,red,jersey,with,number,87,on,it,is,about,to,kick,the,football,for,the,kickoff,.,@@NULL@@
Men,sit,on,the,bus,going,to,work,",",@@NULL@@
She,is,indoors,.,@@NULL@@
The,man,has,a,beard,.,@@NULL@@
The,woman,has,cancer,.,@@NULL@@
Some,people,are,by,the,side,of,a,swimming,pool,partying,.,@@NULL@@
The,person,is,crying,near,some,animals,.,@@NULL@@
The,dog,will,return,to,the,lake,soon,@@NULL@@
The,woman,is,wearing,jeans,.,@@NULL@@
A,man,hits,on,a,woman,.,@@NULL@@
Two,men,are,fighting,each,other,to,the,death,.,@@NULL@@
The,dogs,are,adopted,.,@@NULL@@
A,lady,is,walking,down,a,street,.,@@NULL@@
A,woman,drives,a,bulldozer,.,@@NULL@@
A,boy,happily,watches,an,acrobat,jumping,on,a,stage,.,@@NULL@@
A,snowbaorder,performs,a,trick,jump,.,@@NULL@@
An,older,looking,couple,are,holding,hands,as,the,walk,past,a,restaurant,outside,.,@@NULL@@
The,man,is,swimming,at,the,bottom,of,the,ocean,.,@@NULL@@
there,is,no,way,one,can,learn,music,@@NULL@@
A,couple,looks,at,porn,.,@@NULL@@
The,pants,are,new,.,@@NULL@@
Four,kids,are,wearing,hats,with,streamers,.,@@NULL@@
The,man,is,testing,the,bike,.,@@NULL@@
Two,girls,are,standing,next,to,a,girl,who,is,sitting,.,@@NULL@@
Girls,are,playing,basketball,.,@@NULL@@
Two,girls,stand,around,the,vending,machines,.,@@NULL@@
A,woman,compares,prices,on,eggs,at,the,market,@@NULL@@
The,man,and,woman,are,doing,karaoke,together,at,a,bar,.,@@NULL@@
Two,boys,reading,a,piece,of,literature,.,@@NULL@@
a,tractor,is,decorated,for,a,parade,@@NULL@@
a,man,raises,his,forearms,@@NULL@@
The,girl,is,jumping,.,@@NULL@@
A,man,stands,by,a,wall,outside,.,@@NULL@@
The,group,of,adults,is,happy,.,@@NULL@@
The,woman,in,the,two,paneled,photo,is,the,other,woman,'s,relative,@@NULL@@
The,carpenter,was,almost,finished,.,@@NULL@@
A,boy,is,sitting,still,.,@@NULL@@
He,can,carry,the,tunnel,home,.,@@NULL@@
A,man,in,the,Navy,is,sailing,through,the,water,.,@@NULL@@
An,older,man,is,outdoors,@@NULL@@
A,female,child,",",with,no,shoes,but,a,helmet,on,",",walks,on,top,of,a,tree,that,has,fallen,down,.,@@NULL@@
A,dog,and,cow,are,playing,with,hay,.,@@NULL@@
The,batsman,is,on,a,different,team,than,the,others,around,the,pitching,mound,.,@@NULL@@
A,human,in,snow,.,@@NULL@@
A,man,is,outside,.,@@NULL@@
Men,are,selling,hotdogs,on,the,sidewalk,.,@@NULL@@
A,human,working,@@NULL@@
A,woman,has,dark,skin,.,@@NULL@@
a,person,sitting,on,a,bench,@@NULL@@
A,man,and,wife,sit,outside,with,their,children,.,@@NULL@@
Six,people,are,at,the,movies,.,@@NULL@@
Two,people,wearing,red,outfits,walking,on,a,street,@@NULL@@
Chew,Wrigley,'s,Spearmint,beer,.,@@NULL@@
A,mother,and,daughter,are,chatting,.,@@NULL@@
A,boy,in,blue,shorts,and,a,t,-,shirt,is,about,to,hit,a,tennis,ball,with,his,racket,.,@@NULL@@
Some,children,are,sleeping,@@NULL@@
A,guy,is,jogging,in,a,sweatsuit,.,@@NULL@@
A,girl,tripped,on,herself,before,she,attempt,to,jump,over,a,hurdle,.,@@NULL@@
The,child,is,on,the,steps,inside,the,library,.,@@NULL@@
An,older,man,rides,his,bike,and,is,almost,hit,by,a,bus,because,he,is,looking,at,the,Ironman,poster,.,@@NULL@@
Two,long,-,haired,young,women,.,@@NULL@@
The,children,are,playing,on,a,slide,.,@@NULL@@
A,man,is,shooting,a,basketball,at,the,goal,.,@@NULL@@
Two,people,sign,copies,of,books,.,@@NULL@@
A,person,is,on,a,bike,.,@@NULL@@
A,man,sits,on,a,wall,.,@@NULL@@
People,are,indoors,.,@@NULL@@
A,man,is,taking,a,picture,of,a,school,of,whales,in,Hawaii,.,@@NULL@@
There,is,a,girl,outdoors,.,@@NULL@@
A,young,African,child,carrying,a,bag,.,@@NULL@@
The,man,is,doing,something,by,the,water,.,@@NULL@@
A,mime,is,practicing,his,art,.,@@NULL@@
A,woman,is,looking,at,a,camera,.,@@NULL@@
The,women,are,both,farmers,@@NULL@@
The,young,men,are,working,to,level,an,area,of,the,yard,to,put,in,a,new,basketball,court,.,@@NULL@@
A,woman,is,climbing,a,mountain,.,@@NULL@@
The,young,white,girl,is,outdoors,.,@@NULL@@
A,man,is,falling,down,on,the,ground,.,@@NULL@@
Girls,set,down,in,the,street,.,@@NULL@@
People,are,taking,a,break,from,their,activities,.,@@NULL@@
The,man,is,running,a,marathon,.,@@NULL@@
A,woman,is,wakeboarding,.,@@NULL@@
Two,cars,participate,in,a,car,race,.,@@NULL@@
A,man,is,wearing,a,blue,shirt,.,@@NULL@@
A,surfer,catching,a,swell,.,@@NULL@@
there,are,a,group,of,people,@@NULL@@
Nobody,has,a,shirt,@@NULL@@
The,people,are,pretending,to,sleep,.,@@NULL@@
The,men,are,on,the,beach,.,@@NULL@@
A,child,sleeps,in,a,crib,.,@@NULL@@
Boy,in,a,pool,@@NULL@@
People,are,racing,up,a,hill,.,@@NULL@@
There,are,peeps,in,the,garden,.,@@NULL@@
Two,men,are,watchin,TV,inside,@@NULL@@
three,men,are,a,dancer,@@NULL@@
Taking,a,break,@@NULL@@
Two,people,are,shielded,by,paperbacks,.,@@NULL@@
The,boy,is,swinging,at,his,baseball,game,.,@@NULL@@
A,man,can,is,on,the,phone,.,@@NULL@@
Two,people,climb,up,a,structure,@@NULL@@
A,man,makes,something,from,a,balloon,.,@@NULL@@
a,man,does,a,skateboarding,trick,on,a,cement,surface,@@NULL@@
A,wet,golden,retriever,is,in,a,lake,.,@@NULL@@
A,man,is,sitting,outdoors,.,@@NULL@@
A,person,standing,@@NULL@@
Woman,resting,her,head,on,husband,shoulder,@@NULL@@
Two,dogs,are,sleeping,by,the,fireplace,.,@@NULL@@
a,man,jumps,high,@@NULL@@
Two,men,wrestle,in,uniform,.,@@NULL@@
People,are,waiting,in,line,for,food,to,get,through,the,snowstorm,with,@@NULL@@
The,older,gentlemen,are,outside,.,@@NULL@@
A,woman,sings,to,herself,.,@@NULL@@
The,woman,is,modeling,a,wedding,dress,.,@@NULL@@
A,man,is,talking,to,his,wife,on,the,phone,.,@@NULL@@
Some,men,are,waving,hello,and,speaking,to,their,superior,.,@@NULL@@
Soldiers,are,on,guard,as,they,'re,waiting,for,someone,to,steal,documents,inside,the,building,.,@@NULL@@
A,person,is,standing,on,a,tennis,court,.,@@NULL@@
A,dog,is,sitting,on,a,table,.,@@NULL@@
There,is,a,person,skateboarding,.,@@NULL@@
The,child,and,his,pet,play,on,the,bed,.,@@NULL@@
The,boy,is,bouncing,on,the,sofa,@@NULL@@
A,woman,wearing,a,striped,wrap,is,looking,at,the,camera,.,@@NULL@@
A,young,African,child,playing,soccer,.,@@NULL@@
Children,doing,homework,assignments,while,tutor,monitors,them,.,@@NULL@@
A,man,is,outside,@@NULL@@
A,boy,is,playing,in,the,grass,.,@@NULL@@
A,kid,is,doing,a,thing,.,@@NULL@@
A,man,and,a,dog,are,sitting,on,the,couch,.,@@NULL@@
fooling,around,in,the,bathroom,getting,ready,for,school,@@NULL@@
The,basketball,player,on,the,white,team,makes,the,basket,.,@@NULL@@
An,elderly,woman,with,a,cane,is,sitting,on,a,chair,.,@@NULL@@
The,man,is,outdoors,.,@@NULL@@
A,young,boy,is,sleeping,at,a,sleep,over,.,@@NULL@@
Two,people,are,near,each,other,.,@@NULL@@
The,people,are,bickering,about,politics,.,@@NULL@@
The,woman,has,her,hair,pulled,back,in,a,bun,.,@@NULL@@
There,are,two,people,near,a,bike,.,@@NULL@@
A,blue,tram,goes,down,an,empty,street,with,no,one,around,.,@@NULL@@
A,man,is,walking,outside,.,@@NULL@@
A,man,in,an,orange,hat,walks,his,bike,down,a,street,.,@@NULL@@
The,helicopter,is,black,.,@@NULL@@
A,group,of,people,on,a,sunken,boat,.,@@NULL@@
People,are,having,fun,.,@@NULL@@
The,boy,is,wearing,shorts,.,@@NULL@@
The,building,is,old,.,@@NULL@@
A,man,is,blowing,out,his,birthday,cake,.,@@NULL@@
Men,are,having,a,conversation,outside,.,@@NULL@@
Two,people,are,playing,with,a,frisbee,at,a,park,.,@@NULL@@
The,BMX,rider,is,getting,dirt,on,his,clothes,.,@@NULL@@
The,man,is,a,worker,.,@@NULL@@
A,gymnast,nervously,scans,a,crowd,for,her,parents,before,performing,the,routine,that,will,reveal,she,had,n't,been,attending,her,lessons,.,@@NULL@@
A,man,is,playing,with,friends,.,@@NULL@@
The,little,boy,and,the,man,sit,behind,the,car,'s,steering,wheel,.,@@NULL@@
The,woman,is,the,man,'s,wife,.,@@NULL@@
Asians,spot,what,they,think,is,a,UFO,and,take,pictures,.,@@NULL@@
Two,men,in,snow,pants,and,sweaters,are,walking,.,@@NULL@@
a,player,is,waiting,@@NULL@@
A,mass,of,people,moving,the,same,way,.,@@NULL@@
A,toddler,and,little,girl,are,blowing,bubbles,.,@@NULL@@
Three,women,are,running,.,@@NULL@@
A,snowboarder,takes,a,nap,on,the,course,.,@@NULL@@
It,is,noon,.,@@NULL@@
There,is,a,fresh,food,market,.,@@NULL@@
The,woman,is,looking,at,a,dog,.,@@NULL@@
The,girl,in,a,pink,dress,uses,an,umbrella,for,a,sun,shade,.,@@NULL@@
A,couple,of,young,people,are,at,a,concert,.,@@NULL@@
People,are,shopping,.,@@NULL@@
The,kids,are,indoors,playing,a,video,game,.,@@NULL@@
The,man,is,playing,music,outdoors,.,@@NULL@@
A,man,wearing,a,tux,@@NULL@@
A,man,is,running,away,from,police,.,@@NULL@@
A,woman,is,playing,a,game,@@NULL@@
Two,men,are,in,the,living,room,.,@@NULL@@
The,woven,walls,are,multicolored,.,@@NULL@@
The,people,are,taking,photos,of,the,statue,.,@@NULL@@
A,man,is,near,a,dog,.,@@NULL@@
An,animal,is,in,water,@@NULL@@
A,person,in,red,is,cutting,the,grass,on,a,riding,mower,@@NULL@@
A,child,is,taking,a,nap,.,@@NULL@@
The,man,is,reaching,for,his,wife,.,@@NULL@@
THere,is,women,navigating,through,the,fields,.,@@NULL@@
The,man,is,sitting,at,the,table,.,@@NULL@@
There,is,a,person,with,a,green,backpack,.,@@NULL@@
The,woman,is,playing,baseball,.,@@NULL@@
The,two,men,are,back,at,the,office,.,@@NULL@@
A,squirrel,sits,in,the,grass,.,@@NULL@@
Woman,resting,her,head,on,man,'s,shoulder,@@NULL@@
The,female,gymnast,is,training,for,the,Olympics,.,@@NULL@@
They,are,in,a,boat,.,@@NULL@@
A,woman,cuts,herself,.,@@NULL@@
The,girl,is,jumping,because,she,is,happy,.,@@NULL@@
The,boy,is,riding,his,board,.,@@NULL@@
A,young,boy,is,using,a,utensil,to,handle,meat,on,a,grill,.,@@NULL@@
A,little,girl,is,standing,outside,.,@@NULL@@
There,are,many,pedestrians,on,the,city,street,.,@@NULL@@
Everybody,is,bald,@@NULL@@
A,farmer,is,milking,the,cow,.,@@NULL@@
People,are,shopping,for,watermelons,.,@@NULL@@
Everyone,is,wearing,green,clothing,.,@@NULL@@
Two,young,girls,walk,up,a,slide,.,@@NULL@@
The,woman,is,contemplating,buying,a,new,outfit,.,@@NULL@@
A,photographer,is,taking,many,photos,of,a,hockey,game,@@NULL@@
two,men,are,at,the,pool,.,@@NULL@@
People,are,eating,at,a,table,outside,.,@@NULL@@
A,brown,dog,dancing,out,of,a,orange,and,yellow,tunnel,.,@@NULL@@
The,man,holing,the,painting,is,making,sure,he,painted,the,dog,correctly,@@NULL@@
a,woman,holding,a,scruffy,cat,@@NULL@@
The,children,are,less,than,20,yrs,old,.,@@NULL@@
a,bicycle,is,being,ridden,@@NULL@@
Two,men,are,shirtless,.,@@NULL@@
A,man,is,yelling,at,his,wife,.,@@NULL@@
They,wait,to,cross,Main,Street,.,@@NULL@@
the,man,is,wearing,a,gray,cap,.,@@NULL@@
A,game,of,football,is,being,played,.,@@NULL@@
The,game,of,golf,being,played,.,@@NULL@@
A,long,-,haired,boy,riding,his,skateboard,at,a,fast,pace,over,a,stone,wall,with,graffiti,.,@@NULL@@
A,person,stares,at,an,empty,hill,.,@@NULL@@
The,man,watches,the,other,clean,a,fish,.,@@NULL@@
A,woman,is,measuring,out,wine,from,a,barrel,.,@@NULL@@
It,is,nighttime,.,@@NULL@@
The,bird,is,touching,the,water,@@NULL@@
A,young,woman,is,on,a,shopping,trip,.,@@NULL@@
Two,people,are,having,an,intimate,moment,while,another,avoids,looking,at,them,.,@@NULL@@
A,man,enjoys,the,sun,coming,through,the,window,.,@@NULL@@
a,cow,moo,'s,@@NULL@@
The,man,is,being,filmed,by,another,man,.,@@NULL@@
The,woman,is,sitting,at,home,.,@@NULL@@
Two,dogs,are,digging,under,a,rock,.,@@NULL@@
Kids,share,a,drink,.,@@NULL@@
A,man,is,outdoors,@@NULL@@
The,men,are,playing,soccer,.,@@NULL@@
A,young,male,in,a,white,shirt,.,@@NULL@@
The,two,men,are,fighting,.,@@NULL@@
Two,girls,are,swiming,in,a,pool,@@NULL@@
Two,elderly,men,cat,calling,at,a,woman,.,@@NULL@@
The,streets,are,empty,.,@@NULL@@
The,couple,purchased,a,used,mixer,@@NULL@@
Two,young,friends,play,with,ducks,@@NULL@@
A,dog,mouth,holds,a,retrieved,ball,.,@@NULL@@
a,younger,woman,is,holding,a,sign,@@NULL@@
The,man,is,going,to,turn,left,at,the,green,arrow,.,@@NULL@@
A,man,is,taking,a,picture,of,a,dog,",",while,a,woman,watches,.,@@NULL@@
A,dog,is,running,in,the,field,towards,another,dog,.,@@NULL@@
A,man,'s,wife,lays,on,his,shoulder,@@NULL@@
The,woman,is,a,professional,photographer,.,@@NULL@@
A,man,is,wearing,a,suit,.,@@NULL@@
The,dog,is,red,@@NULL@@
A,young,boy,'s,mother,takes,his,photo,with,Mr.,and,Mrs.,Clause,.,@@NULL@@
The,roller,coaster,ride,is,empty,.,@@NULL@@
The,American,football,player,in,yellow,catches,the,ball,while,under,pressure,from,the,player,in,white,.,@@NULL@@
A,young,girl,is,crying,for,more,attention,.,@@NULL@@
A,girl,walking,and,a,frowning,girl,with,a,phone,.,@@NULL@@
There,is,a,woman,swimming,.,@@NULL@@
A,man,and,woman,prepare,to,record,a,scene,@@NULL@@
A,man,is,putting,a,roof,on,a,beach,house,.,@@NULL@@
Two,people,look,out,a,window,.,@@NULL@@
A,man,has,dropped,a,ball,.,@@NULL@@
An,extreme,kayaker,steers,the,treacherous,waters,@@NULL@@
A,camera,is,being,lowered,onto,a,running,track,by,a,girl,in,black,pants,and,yellow,t,shirt,@@NULL@@
A,woman,is,walking,down,a,busy,street,in,Tokyo,.,@@NULL@@
The,people,are,celebrating,their,father,'s,birthday,at,a,local,restaurant,.,@@NULL@@
The,young,men,are,in,complete,agreement,.,@@NULL@@
The,man,behind,the,wheel,is,teaching,the,boy,about,cars,.,@@NULL@@
A,woman,wearing,sunglasses,is,not,smiling,.,@@NULL@@
The,old,lovers,showing,black,and,white,photographs,of,them,in,their,youth,.,@@NULL@@
a,man,polishes,a,floor,next,to,a,can,@@NULL@@
A,man,on,a,motorcycle,.,@@NULL@@
this,guy,is,wearing,a,racing,uniform,while,holding,a,bottle,@@NULL@@
A,boy,alien,dressed,for,summer,in,a,green,shirt,and,kahki,shorts,@@NULL@@
Two,people,play,flag,football,.,@@NULL@@
the,woman,is,cooking,in,the,kitchen,@@NULL@@
The,motorcyclist,is,in,the,air,@@NULL@@
The,man,sits,crosslegged,on,the,floor,.,@@NULL@@
They,are,holding,pom,poms,.,@@NULL@@
The,woman,is,walking,her,cat,.,@@NULL@@
A,man,with,headphones,is,biking,.,@@NULL@@
The,women,are,outdoors,.,@@NULL@@
A,boy,holds,onto,a,post,.,@@NULL@@
Four,guys,go,bowling,at,the,lanes,.,@@NULL@@
A,man,is,fishing,.,@@NULL@@
A,boy,is,hungry,for,some,cookies,and,cakes,",",but,does,n't,have,any,money,.,@@NULL@@
A,group,of,people,standing,around,waiting,for,a,bus,.,@@NULL@@
There,is,a,group,of,people,at,a,music,festival,.,@@NULL@@
Two,research,scientists,conduct,research,in,disguise,.,@@NULL@@
a,girl,on,her,cellphone,lying,on,the,ground,@@NULL@@
A,young,boy,wears,sandals,.,@@NULL@@
The,man,in,shorts,is,not,wearing,footwear,.,@@NULL@@
The,vest,is,nice,and,warm,.,@@NULL@@
A,small,group,of,people,are,eating,and,drinking,together,.,@@NULL@@
A,cat,is,running,up,a,tree,.,@@NULL@@
teen,girl,plays,swing,with,his,friend,.,@@NULL@@
A,woman,in,restaurant,@@NULL@@
A,man,putts,while,his,group,talks,to,each,other,.,@@NULL@@
The,people,look,at,the,mountains,.,@@NULL@@
a,woman,is,outside,@@NULL@@
People,watch,ducks,in,a,pond,.,@@NULL@@
the,man,is,forty,@@NULL@@
Two,people,are,rolling,down,the,hill,.,@@NULL@@
A,boy,is,watching,a,cartoon,from,a,recliner,.,@@NULL@@
Two,people,taking,a,ride,together,on,a,bicyle,outside,.,@@NULL@@
a,girl,on,her,cellphone,lying,on,the,ground,next,to,a,dog,@@NULL@@
Two,men,are,next,to,each,other,.,@@NULL@@
An,older,gentleman,in,overalls,looks,at,the,camera,while,he,is,building,a,stained,red,deck,in,front,of,a,house,.,@@NULL@@
A,white,dog,is,chewing,on,his,food,.,@@NULL@@
A,dog,has,its,mouth,open,.,@@NULL@@
A,drawing,of,a,street,@@NULL@@
A,man,rides,a,bike,.,@@NULL@@
Times,Square,is,a,place,.,@@NULL@@
The,man,is,waiting,for,his,friend,to,come,meet,up,with,him,.,@@NULL@@
A,person,is,napping,.,@@NULL@@
The,man,is,holding,up,a,domino,.,@@NULL@@
A,young,person,on,a,skateboard,.,@@NULL@@
A,person,floating,@@NULL@@
a,woman,is,sitting,@@NULL@@
A,guy,looks,upon,a,collision,between,motorboats,.,@@NULL@@
Two,people,are,outside,.,@@NULL@@
A,child,doing,homework,.,@@NULL@@
A,woman,is,using,a,hammer,to,make,something,.,@@NULL@@
An,injured,skier,being,taken,for,medical,help,@@NULL@@
Three,men,in,red,uniforms,celebrating,a,goal,at,a,soccer,game,outside,.,@@NULL@@
Pets,galloping,down,the,street,.,@@NULL@@
The,colors,has,disappeared,form,the,world,.,@@NULL@@
A,performer,is,playing,violin,in,the,auditorium,.,@@NULL@@
a,guy,in,brown,jumps,up,in,a,room,with,a,wood,floor,@@NULL@@
The,children,have,a,ball,.,@@NULL@@
The,male,baseball,player,belongs,to,the,Cleveland,Indians,.,@@NULL@@
Two,scuba,divers,are,inspecting,a,submarine,.,@@NULL@@
Two,boys,sit,down,.,@@NULL@@
a,small,boy,holds,a,kettle,that,will,soon,be,filled,with,salsa,@@NULL@@
There,are,people,at,a,table,.,@@NULL@@
Man,stares,at,a,painting,in,a,museum,.,@@NULL@@
A,jump,roping,girl,.,@@NULL@@
Kid,are,allowed,to,attempt,the,assault,course,.,@@NULL@@
A,woman,reading,a,book,while,sitting,on,a,bench,.,@@NULL@@
the,man,is,chasing,after,his,daughter,@@NULL@@
A,woman,is,driving,her,kids,around,@@NULL@@
A,person,surrounded,by,spring,trees,.,@@NULL@@
A,man,hiding,his,true,identity,.,@@NULL@@
The,ledge,is,made,of,a,hard,substance,.,@@NULL@@
The,children,are,waiting,to,go,into,the,water,.,@@NULL@@
A,man,in,a,suit,with,gold,buttons,and,a,name,tag,gestures,with,his,hands,@@NULL@@
The,man,is,referring,a,floor,cleaner,battle,.,@@NULL@@
Dancing,is,going,on,in,a,big,room,.,@@NULL@@
the,women,are,looking,at,a,bouquet,of,flower,@@NULL@@
A,mountain,is,full,of,snow,.,@@NULL@@
There,is,a,man,standing,outside,having,his,photo,taken,by,another,person,with,a,shadow,.,@@NULL@@
There,are,two,women,and,two,children,.,@@NULL@@
The,young,woman,is,wearing,a,helmet,.,@@NULL@@
Two,children,are,on,a,rug,.,@@NULL@@
A,man,is,riding,a,motorcycle,.,@@NULL@@
A,woman,is,doing,a,handstand,on,the,balance,beam,.,@@NULL@@
People,stand,in,front,of,the,new,display,@@NULL@@
The,man,is,talking,to,his,friend,on,the,phone,@@NULL@@
The,woman,is,cooking,something,exciting,.,@@NULL@@
A,guy,is,performing,at,a,recital,.,@@NULL@@
Two,dogs,are,running,.,@@NULL@@
Three,humans,standing,.,@@NULL@@
A,man,is,sleeping,in,front,of,a,fountain,.,@@NULL@@
A,woman,is,being,fitted,for,the,first,time,.,@@NULL@@
Young,women,are,outdoors,.,@@NULL@@
the,guy,in,the,sweatshirt,uses,the,power,saw,to,saw,wood,for,a,house,@@NULL@@
A,little,girl,is,wearing,a,pink,dress,.,@@NULL@@
Woman,is,keeping,the,paper,to,herself,.,@@NULL@@
The,girl,is,jumping,in,the,air,",",while,she,is,at,the,beach,.,@@NULL@@
A,path,covered,by,snow,.,@@NULL@@
A,guy,with,a,skateboard,is,looking,at,a,park,to,skateboard,.,@@NULL@@
the,your,boy,is,excercizing,.,@@NULL@@
The,women,were,walking,downtown,@@NULL@@
The,dog,is,racing,other,dogs,.,@@NULL@@
There,is,a,man,holding,a,long,rope,for,a,boy,climbing,outdoors,@@NULL@@
Two,women,having,lunch,.,@@NULL@@
Tall,humans,looking,.,@@NULL@@
The,dogs,are,chasing,a,rabbit,.,@@NULL@@
A,man,hugs,his,mother,and,leaves,for,war,.,@@NULL@@
A,woman,is,wearing,a,polka,dot,outfit,",",in,the,middle,of,a,dangerous,scene,",",passing,out,orange,juice,.,@@NULL@@
People,rushing,to,get,to,work,.,@@NULL@@
The,baby,is,crying,.,@@NULL@@
An,old,man,smiles,in,front,of,soda,cans,.,@@NULL@@
A,man,teaches,his,puppy,how,to,swim,.,@@NULL@@
Some,children,are,playing,soccer,by,a,school,.,@@NULL@@
A,man,can,see,mountains,from,where,he,stands,.,@@NULL@@
A,man,is,testing,model,airplanes,.,@@NULL@@
Two,women,are,taking,place,in,a,protest,by,dressing,as,police,.,@@NULL@@
A,group,of,boys,are,playing,soccer,in,the,street,.,@@NULL@@
Two,women,are,reading,",",one,has,a,magazine,",",while,the,other,has,a,book,.,@@NULL@@
There,are,people,at,a,market,.,@@NULL@@
A,child,is,playing,in,the,sand,.,@@NULL@@
a,man,holding,a,baby,@@NULL@@
The,people,are,inspecting,the,vegetables,.,@@NULL@@
There,is,a,guy,holding,a,football,.,@@NULL@@
A,horse,is,dead,.,@@NULL@@
A,man,is,playing,tennis,.,@@NULL@@
A,group,of,people,are,looking,at,something,@@NULL@@
Two,brothers,have,a,snowball,fight,.,@@NULL@@
Some,people,look,visually,afraid,to,jump,.,@@NULL@@
The,referee,and,players,are,getting,ready,to,face,-,off,.,@@NULL@@
It,is,cold,and,snowy,outside,.,@@NULL@@
The,man,is,holding,an,instrument,.,@@NULL@@
A,skateboarder,is,at,a,skatepark,with,his,friends,showing,off,his,moves,.,@@NULL@@
The,group,is,going,to,buy,something,@@NULL@@
A,man,is,being,carried,by,birds,.,@@NULL@@
The,nurses,are,eating,lunch,.,@@NULL@@
The,man,is,watching,boats,pass,by,while,sitting,on,the,hill,.,@@NULL@@
The,men,are,nervous,@@NULL@@
The,teenager,is,sitting,down,to,think,for,a,bit,.,@@NULL@@
The,man,stands,before,the,camera,outside,.,@@NULL@@
The,people,are,attending,an,outdoor,art,festival,.,@@NULL@@
A,chef,is,cooking,up,a,6-course,menu,for,his,close,friends,.,@@NULL@@
a,couple,dances,among,other,people,@@NULL@@
a,man,orders,a,mamosa,for,another,man,@@NULL@@
Two,brothers,are,climbing,a,tree,to,get,down,their,Frisbee,.,@@NULL@@
A,woman,is,sitting,in,her,backyard,.,@@NULL@@
A,woman,is,yelling,at,a,crowd,and,they,can,not,hear,her,because,she,has,no,microphone,.,@@NULL@@
A,man,is,holding,a,unicycle,in,a,curious,manner,.,@@NULL@@
The,large,black,man,is,relaxing,in,the,chair,@@NULL@@
Two,men,are,punching,eachother,.,@@NULL@@
The,men,are,playing,wind,instruments,.,@@NULL@@
The,dogs,are,chasing,a,ball,.,@@NULL@@
There,are,people,playing,music,.,@@NULL@@
A,group,of,dogs,fighting,over,a,dead,body,.,@@NULL@@
There,are,people,inside,of,a,store,.,@@NULL@@
A,girl,is,following,her,parents,on,a,wheelchair,.,@@NULL@@
People,talking,@@NULL@@
The,man,is,wearing,knee,pads,.,@@NULL@@
The,man,is,next,to,the,fence,.,@@NULL@@
A,black,man,is,standing,on,stage,.,@@NULL@@
The,woman,is,seated,on,a,beach,towel,.,@@NULL@@
A,man,play,the,triangle,.,@@NULL@@
A,male,is,engaging,in,something,acrobatic,.,@@NULL@@
The,man,is,buying,a,new,guitar,at,the,store,.,@@NULL@@
A,boy,sleeps,in,his,bed,.,@@NULL@@
the,woman,is,at,a,ski,lodge,@@NULL@@
A,girl,is,swinging,",",rather,high,",",on,a,swing,with,white,ropes,.,@@NULL@@
Two,naked,men,are,practicing,dance,moves,on,the,street,.,@@NULL@@
The,man,is,playing,a,saxophone,.,@@NULL@@
Two,workers,cutting,down,a,board,to,make,it,fit,in,a,housing,project,.,@@NULL@@
The,group,of,athletes,all,can,breathe,underwater,.,@@NULL@@
Everything,in,the,photo,is,red,colored,.,@@NULL@@
The,ocean,swims,in,the,blue,wideness,.,@@NULL@@
A,guy,is,in,a,hot,",",sunny,place,@@NULL@@
A,nighttime,scene,of,an,apartment,building,.,@@NULL@@
A,group,of,girls,are,walking,to,school,.,@@NULL@@
3,men,are,running,@@NULL@@
The,group,of,people,is,outside,playing,basketball,.,@@NULL@@
There,is,a,person,in,a,room,.,@@NULL@@
The,man,is,doing,science,.,@@NULL@@
The,father,and,son,are,repairing,the,sign,.,@@NULL@@
The,man,is,on,his,way,to,a,movie,.,@@NULL@@
A,man,and,a,woman,are,running,as,part,of,their,training,for,a,marathon,.,@@NULL@@
Two,women,playing,basketball,.,@@NULL@@
The,players,are,playing,basketball,.,@@NULL@@
A,couple,on,a,date,lay,next,to,each,other,in,a,park,.,@@NULL@@
An,old,woman,has,no,jacket,.,@@NULL@@
A,group,of,people,got,ran,over,by,a,bus,.,@@NULL@@
A,man,is,eating,dinner,at,a,restaurant,.,@@NULL@@
They,walk,along,carrying,a,bounty,of,food,@@NULL@@
A,matching,couple,get,wet,.,@@NULL@@
No,one,has,attended,the,outdoor,street,event,.,@@NULL@@
A,person,rides,a,bike,down,a,hill,wearing,pants,.,@@NULL@@
A,woman,is,using,an,umbrella,.,@@NULL@@
There,is,a,water,scene,with,the,sunset,in,the,back,.,@@NULL@@
A,woman,has,her,shoe,off,to,adjust,her,sock,.,@@NULL@@
The,man,listening,to,music,is,listening,to,Kanye,West,.,@@NULL@@
The,workers,are,brothers,.,@@NULL@@
Two,men,work,at,a,market,.,@@NULL@@
The,woman,is,wearing,a,prom,dress,.,@@NULL@@
A,member,of,the,army,practices,his,sniping,skills,.,@@NULL@@
A,man,is,inside,.,@@NULL@@
Men,on,bikes,go,over,a,sand,hill,.,@@NULL@@
A,woman,is,standing,and,looking,at,a,book,.,@@NULL@@
dog,looks,at,the,pond,@@NULL@@
A,man,is,on,his,bike,with,a,laundry,hamper,.,@@NULL@@
Dogs,are,digging,a,hole,.,@@NULL@@
Two,boys,in,a,boat,@@NULL@@
An,older,man,is,talking,.,@@NULL@@
An,animal,is,lying,down,.,@@NULL@@
A,man,with,glasses,is,looking,at,drinking,glasses,.,@@NULL@@
Four,kids,pose,during,summer,vacation,.,@@NULL@@
The,cowboy,rode,the,bull,to,the,buzzer,.,@@NULL@@
A,toddler,walking,in,sand,.,@@NULL@@
The,kids,are,learning,.,@@NULL@@
A,woman,is,cleaning,wood,.,@@NULL@@
The,girl,in,red,is,in,the,air,.,@@NULL@@
Man,throws,knives,at,unsuspecting,people,.,@@NULL@@
A,man,without,a,shirt,is,on,a,river,.,@@NULL@@
She,does,a,handstand,in,her,business,suit,@@NULL@@
The,boy,is,wearing,a,backpack,.,@@NULL@@
Sad,Man,with,an,orange,bandanna,is,playing,the,flute,.,@@NULL@@
A,boy,rides,a,horse,.,@@NULL@@
A,redhead,working,wearing,gloves,.,@@NULL@@
A,dog,is,on,the,beach,.,@@NULL@@
A,young,woman,wearing,a,white,sleeveless,dress,lined,with,red,flowers,talking,on,her,cellphone,as,she,walks,down,the,street,sidewalk,outside,.,@@NULL@@
A,party,has,just,ended,@@NULL@@
Two,girls,are,sleeping,@@NULL@@
There,are,no,customers,at,the,cafe,.,@@NULL@@
A,cement,worker,is,working,on,a,new,sidewalk,.,@@NULL@@
Lots,of,people,are,walking,by,a,small,red,building,.,@@NULL@@
A,little,girl,is,wearing,a,dress,.,@@NULL@@
The,person,is,walking,outside,.,@@NULL@@
The,men,are,hosting,a,news,show,.,@@NULL@@
The,kids,are,at,the,beach,in,the,sand,.,@@NULL@@
Two,kids,are,in,a,field,.,@@NULL@@
two,men,bellydance,@@NULL@@
Two,women,in,raincoat,sit,on,the,bleachers,an,hour,before,the,football,game,.,@@NULL@@
Some,kids,playing,with,a,raft,.,@@NULL@@
a,man,sleeps,in,a,chair,@@NULL@@
A,male,is,surrounded,with,other,human,beings,having,a,large,snake,around,his,chest,.,@@NULL@@
the,man,and,women,are,married,and,she,is,showing,off,his,arms,@@NULL@@
A,clothed,child,is,in,the,shower,@@NULL@@
Soccer,players,play,outside,.,@@NULL@@
The,choir,is,singing,.,@@NULL@@
The,man,in,the,green,cap,finds,something,funny,.,@@NULL@@
The,boys,are,sitting,down,.,@@NULL@@
A,girl,is,riding,in,a,toy,car,.,@@NULL@@
The,man,is,wearing,white,pants,.,@@NULL@@
the,girl,is,wearing,a,black,dress,and,a,blue,purse,@@NULL@@
A,person,in,a,shirt,@@NULL@@
A,group,from,the,local,4-H,club,enjoy,a,day,at,the,local,amusement,part,as,part,of,their,year,-,end,celebration,.,@@NULL@@
A,group,of,girl,is,playing,.,@@NULL@@
the,man,is,mexican,@@NULL@@
Girl,dressed,in,nightgown,sneaking,into,kitchen,.,@@NULL@@
The,women,are,wiping,a,windshield,@@NULL@@
There,is,a,group,of,brides,.,@@NULL@@
Two,people,are,standing,on,the,grass,.,@@NULL@@
An,adult,using,a,video,camera,.,@@NULL@@
A,white,dog,is,laying,on,the,grass,.,@@NULL@@
The,girls,are,showing,their,mother,the,presents,the,Easter,Bunny,left,them,in,their,Easter,basket,.,@@NULL@@
Several,children,are,posing,on,a,stage,.,@@NULL@@
Two,girls,kiss,.,@@NULL@@
Two,woman,are,trying,to,finish,orders,from,a,doctor,@@NULL@@
A,man,is,giving,two,women,directions,at,work,.,@@NULL@@
The,man,'s,head,is,partially,obscured,.,@@NULL@@
A,man,sitting,on,his,motorcycle,with,the,sunset,directly,behind,him,outside,.,@@NULL@@
People,are,shopping,for,many,things,at,the,market,.,@@NULL@@
a,black,dog,with,a,toy,is,being,based,by,a,brown,dog,@@NULL@@
A,man,is,wearing,his,sport,jersey,in,his,cubicle,.,@@NULL@@
The,person,is,resting,.,@@NULL@@
Someone,is,begging,for,money,.,@@NULL@@
The,man,is,confused,.,@@NULL@@
A,father,holding,a,ball,.,@@NULL@@
Three,military,offcials,battle,a,fire,after,an,accidental,explosion,.,@@NULL@@
The,person,is,playing,basketball,.,@@NULL@@
An,officer,on,a,chopper,.,@@NULL@@
They,are,playing,soccer,outside,.,@@NULL@@
A,person,stands,in,the,middle,of,a,crowd,of,teenagers,.,@@NULL@@
A,man,is,pushing,a,hand,truck,.,@@NULL@@
A,worker,searches,a,ruined,building,.,@@NULL@@
A,woman,is,getting,her,maternity,pictures,taken,.,@@NULL@@
Two,boys,are,talking,in,the,middle,of,a,street,.,@@NULL@@
A,woman,is,looking,at,a,book,.,@@NULL@@
the,lady,is,talking,on,her,phne,@@NULL@@
A,man,encouraging,children,to,have,fun,with,one,another,as,they,look,on,.,@@NULL@@
A,man,is,playing,video,games,.,@@NULL@@
A,woman,drinks,a,beer,.,@@NULL@@
a,father,and,daughter,swim,together,@@NULL@@
the,players,are,brazilian,@@NULL@@
The,women,posing,are,models,.,@@NULL@@
A,man,is,touching,other,people,in,a,crowd,.,@@NULL@@
A,man,wearing,a,sweater,inside,@@NULL@@
People,eating,stuff,outdoors,.,@@NULL@@
Traffic,is,being,directed,by,a,road,worker,.,@@NULL@@
A,young,boy,is,grilling,vegetables,.,@@NULL@@
A,woman,watching,the,game,.,@@NULL@@
A,drummer,playing,on,drums,.,@@NULL@@
The,men,are,fishing,.,@@NULL@@
Someone,person,was,near,a,bunch,of,birds,.,@@NULL@@
there,are,3,people,with,blindfolds,@@NULL@@
A,high,school,band,prepares,to,play,in,front,of,a,large,crowd,.,@@NULL@@
The,two,friends,are,reunited,after,years,apart,@@NULL@@
The,boys,are,sleeping,.,@@NULL@@
An,officer,enjoys,coffee,in,a,shop,.,@@NULL@@
People,carrying,bikes,.,@@NULL@@
There,is,a,child,and,two,animals,.,@@NULL@@
The,middle,aged,woman,is,at,home,knitting,.,@@NULL@@
A,man,missing,his,legs,sits,in,a,wheelchair,.,@@NULL@@
Two,children,are,looking,through,a,telescope,together,at,a,city,street,.,@@NULL@@
Guys,working,outside,.,@@NULL@@
a,child,opens,a,present,on,his,birthday,@@NULL@@
The,woman,is,very,happy,.,@@NULL@@
The,elaborately,dressed,woman,stands,around,with,her,riches,@@NULL@@
Bar,goers,walk,around,outside,after,last,call,.,@@NULL@@
A,clown,is,performing,a,unicycle,trick,.,@@NULL@@
Young,men,are,talking,@@NULL@@
they,are,going,for,a,walk,@@NULL@@
a,boy,engaged,in,a,leisure,activity,@@NULL@@
Two,woman,are,petting,a,animal,.,@@NULL@@
A,school,class,visits,the,museum,of,modern,art,.,@@NULL@@
A,person,fell,off,their,bike,.,@@NULL@@
Both,of,them,are,illiterate,.,@@NULL@@
Two,people,play,baseball,.,@@NULL@@
A,young,man,and,woman,take,their,child,to,the,beach,for,the,first,time,.,@@NULL@@
A,man,stands,by,a,wall,.,@@NULL@@
A,lady,sitting,on,a,bench,in,the,park,.,@@NULL@@
The,young,couple,are,taking,pictures,of,the,countryside,.,@@NULL@@
A,woman,has,been,shopping,.,@@NULL@@
A,funny,person,floating,@@NULL@@
They,give,up,and,walk,off,the,field,@@NULL@@
A,person,with,glasses,@@NULL@@
The,older,woman,behind,the,young,boy,is,his,mother,.,@@NULL@@
A,man,sleds,down,a,slope,.,@@NULL@@
A,woman,older,than,thirty,is,outside,in,winter,.,@@NULL@@
A,woman,is,engaging,some,girls,.,@@NULL@@
A,woman,is,sitting,inside,.,@@NULL@@
The,man,has,his,face,painted,.,@@NULL@@
One,man,pushes,the,other,man,down,the,hill,on,the,sled,as,onlookers,laugh,.,@@NULL@@
The,child,is,playing,with,friends,on,the,swing,.,@@NULL@@
A,man,gives,a,speech,about,the,economy,.,@@NULL@@
A,man,walks,through,a,doorway,.,@@NULL@@
She,talks,to,her,boyfriend,about,plans,that,night,@@NULL@@
the,ref,is,back,flipping,in,the,mud,@@NULL@@
The,Asian,man,is,drawing,a,crowd,.,@@NULL@@
Two,men,in,formal,attire,are,waiting,outside,restaurant,at,night,.,@@NULL@@
a,man,sits,shyly,near,a,bride,@@NULL@@
Nobody,has,a,shirt,@@NULL@@
A,woman,climbing,down,a,tree,.,@@NULL@@
a,woman,holding,her,grandchild,@@NULL@@
The,woman,is,carrying,a,basket,down,the,street,.,@@NULL@@
The,boy,plays,a,video,game,.,@@NULL@@
Two,men,are,outside,.,@@NULL@@
Two,sisters,are,hugging,after,not,seeing,each,other,in,ages,.,@@NULL@@
They,are,in,Hawaii,.,@@NULL@@
The,man,is,young,@@NULL@@
A,girl,is,showing,affection,towards,a,cat,.,@@NULL@@
The,man,sings,and,dances,in,the,park,.,@@NULL@@
The,child,is,drinking,at,a,bar,.,@@NULL@@
A,man,is,working,on,art,.,@@NULL@@
These,two,illiterate,men,convinced,their,dog,to,write,a,panhandling,sign,for,them,.,@@NULL@@
Man,breaks,camera,in,front,of,liquor,store,.,@@NULL@@
Three,firefighters,putting,out,a,fire,inside,of,a,subway,station,.,@@NULL@@
A,man,is,yelling,at,his,son,about,the,broken,television,behind,them,.,@@NULL@@
A,young,girl,is,having,fun,.,@@NULL@@
The,man,does,not,have,any,gear,on,.,@@NULL@@
The,men,are,at,the,mal,.,@@NULL@@
A,woman,sits,in,her,apartment,in,her,pajamas,with,the,blinds,closed,.,@@NULL@@
A,group,of,men,are,sitting,around,a,conference,table,.,@@NULL@@
A,child,signing,I,love,you,.,@@NULL@@
An,American,theater,.,@@NULL@@
Kids,are,sightseeing,@@NULL@@
A,skateboarder,is,doing,tricks,in,an,area,with,ramps,.,@@NULL@@
A,person,in,a,coat,with,a,briefcase,walks,down,a,street,next,to,the,bus,lane,.,@@NULL@@
A,blind,man,is,attempting,to,train,his,dog,to,ward,against,intruders,.,@@NULL@@
They,are,pushing,it,off,a,cliff,to,cover,up,a,crime,.,@@NULL@@
A,woman,walks,through,a,store,talking,on,her,phone,.,@@NULL@@
Workers,assembling,cell,phones,in,a,factory,.,@@NULL@@
A,young,girl,is,playing,.,@@NULL@@
Five,girls,are,baking,a,cake,.,@@NULL@@
The,kids,are,looking,through,a,telescope,.,@@NULL@@
A,man,is,juggling,baseballs,while,fans,look,on,upset,@@NULL@@
Kids,are,laughing,and,playing,.,@@NULL@@
The,person,is,riding,a,big,wheel,.,@@NULL@@
A,girl,with,curly,hair,is,taking,a,big,bite,from,a,hamburger,.,@@NULL@@
Two,police,officers,in,yellow,reflective,jackets,are,standing,in,a,busy,shopping,zone,@@NULL@@
There,is,a,person,outside,.,@@NULL@@
people,hanging,outside,by,the,water,@@NULL@@
A,man,and,woman,are,outside,in,the,snow,.,@@NULL@@
Two,men,are,playing,on,a,street,corner,.,@@NULL@@
The,small,child,is,dressed,in,a,parka,.,@@NULL@@
The,young,boy,is,holding,a,toy,.,@@NULL@@
Traffic,is,stopped,at,a,red,light,.,@@NULL@@
A,man,is,looking,through,a,microscope,@@NULL@@
The,basketball,player,is,sitting,on,the,bench,.,@@NULL@@
A,boy,reads,a,mystery,book,.,@@NULL@@
Cats,enjoy,taco,@@NULL@@
Two,women,in,bikinis,are,flirting,with,guys,.,@@NULL@@
A,man,plays,the,clarinet,for,his,family,.,@@NULL@@
A,dog,is,chasing,a,frisbee,.,@@NULL@@
There,are,people,of,differing,ages,outside,playing,golf,.,@@NULL@@
The,family,is,outside,.,@@NULL@@
man,and,woman,sitting,near,a,statue,@@NULL@@
A,young,girl,is,drawing,on,a,chalkboard,.,@@NULL@@
This,woman,does,not,know,the,man,she,is,pictured,with,.,@@NULL@@
A,cat,plays,in,the,snow,.,@@NULL@@
A,woman,with,wood,in,her,hand,is,standing,with,a,smile,on,her,face,.,@@NULL@@
Two,men,are,engaging,in,a,sporting,activity,.,@@NULL@@
A,rocker,is,doing,soundcheck,for,his,performance,by,speaking,into,the,microphone,.,@@NULL@@
The,man,does,n't,want,to,be,seen,.,@@NULL@@
The,man,is,walking,up,the,stairs,.,@@NULL@@
Some,men,are,polishing,shoes,.,@@NULL@@
A,young,woman,reads,near,the,ocean,.,@@NULL@@
Two,women,are,enjoying,an,afternoon,of,shopping,.,@@NULL@@
The,three,men,are,wealthy,businessman,who,own,the,company,'s,whose,logos,they,are,standing,in,front,of,.,@@NULL@@
A,women,observing,a,camera,@@NULL@@
A,group,of,people,take,turns,carrying,an,injured,child,.,@@NULL@@
A,man,is,sitting,on,a,parked,motorcycle,waiting,for,his,friend,.,@@NULL@@
Some,men,are,watching,TV,together,.,@@NULL@@
The,females,are,robbing,a,bank,.,@@NULL@@
An,old,guy,wears,a,shirt,on,a,bike,.,@@NULL@@
Two,girls,playing,a,game,.,@@NULL@@
A,man,in,a,suit,walking,on,a,sidewalk,.,@@NULL@@
A,girl,wearing,a,dress,looks,off,a,cliff,.,@@NULL@@
A,girl,checks,her,phone,on,a,boat,.,@@NULL@@
The,men,felled,the,log,in,a,snowy,area,.,@@NULL@@
Little,girls,blows,bubbles,.,@@NULL@@
The,man,is,talking,to,someone,.,@@NULL@@
The,two,ladies,are,outside,.,@@NULL@@
The,man,entered,a,swimming,event,and,is,riding,a,jet,ski,.,@@NULL@@
A,man,cooking,at,home,.,@@NULL@@
A,woman,sits,outside,on,the,dock,overlooking,the,ocean,.,@@NULL@@
The,man,wears,black,pants,and,dress,shoes,.,@@NULL@@
The,dog,is,taking,a,nap,at,the,park,.,@@NULL@@
A,happy,young,couple,are,posing,for,a,portrait,.,@@NULL@@
A,woman,is,in,a,cooking,competition,@@NULL@@
A,skateboarder,is,jumping,while,the,other,is,sitting,.,@@NULL@@
Six,men,are,sitting,on,a,park,bench,.,@@NULL@@
a,group,of,friends,are,sitting,@@NULL@@
A,man,is,outside,with,no,bag,on,his,back,.,@@NULL@@
Kids,are,playing,soccer,.,@@NULL@@
A,woman,is,running,on,the,track,.,@@NULL@@
People,are,dancing,to,music,in,a,club,.,@@NULL@@
The,man,was,about,to,record,his,music,album,.,@@NULL@@
The,woman,is,photographing,a,wedding,.,@@NULL@@
Two,old,men,talk,at,a,family,reunion,.,@@NULL@@
The,children,are,all,holding,up,paper,drawings,.,@@NULL@@
One,man,shows,the,ransom,money,to,the,other,.,@@NULL@@
A,boy,is,raisingin,his,hand,to,answer,a,question,in,his,class,.,@@NULL@@
the,man,is,at,home,sleeping,@@NULL@@
A,boy,is,going,on,a,jog,in,a,park,.,@@NULL@@
People,are,taking,a,picture,@@NULL@@
Two,girls,ride,an,amusement,park,ride,.,@@NULL@@
There,is,a,person,driving,in,a,tournament,.,@@NULL@@
the,woman,is,jumping,@@NULL@@
A,young,boy,is,honoring,fallen,veterans,.,@@NULL@@
A,woman,is,using,gymnastics,equipment,.,@@NULL@@
The,husband,mows,the,lawn,.,@@NULL@@
A,man,is,bundled,up,against,the,cold,as,he,skis,.,@@NULL@@
A,lumberjack,poses,with,a,tree,he,'s,about,to,chop,down,@@NULL@@
The,governor,prepared,to,deliver,the,speech,that,would,deliver,the,votes,.,@@NULL@@
Two,people,kissing,.,@@NULL@@
The,dog,is,a,labrador,retriever,.,@@NULL@@
A,man,sits,in,the,hospital,.,@@NULL@@
people,watch,men,in,kilts,@@NULL@@
A,human,is,looking,at,plants,.,@@NULL@@
A,snowboarder,is,sleep,.,@@NULL@@
The,construction,worker,is,dead,.,@@NULL@@
He,is,outside,.,@@NULL@@
two,strong,men,are,having,a,beer,@@NULL@@
The,woman,is,watching,Shades,of,Grey,@@NULL@@
The,man,and,his,follows,walk,along,outside,@@NULL@@
The,woman,is,chatting,with,her,friend,.,@@NULL@@
The,man,has,shorts,but,no,shoes,.,@@NULL@@
The,cap,is,a,Yankee,cap,.,@@NULL@@
People,wearing,orange,.,@@NULL@@
The,cops,are,sitting,in,a,donut,shop,.,@@NULL@@
People,share,a,conversation,.,@@NULL@@
The,man,puts,something,on,the,other,mans,head,.,@@NULL@@
The,band,plays,jazz,music,.,@@NULL@@
The,football,game,got,cancelled,and,the,field,is,empty,.,@@NULL@@
An,animal,bit,its,owner,.,@@NULL@@
The,man,tries,to,make,some,money,from,tips,.,@@NULL@@
A,clean,shaven,man,with,an,empty,blue,shopping,cart,.,@@NULL@@
The,children,are,outdoors,@@NULL@@
Two,men,are,laying,bricks,.,@@NULL@@
A,young,girl,with,glasses,holds,two,ice,cream,cones,.,@@NULL@@
A,man,is,on,top,of,a,building,.,@@NULL@@
A,woman,in,a,red,jacket,and,sunglasses,eats,the,camera,@@NULL@@
The,man,is,a,father,@@NULL@@
A,child,swims,laps,in,a,lap,pool,.,@@NULL@@
There,'s,a,gathering,of,cartoon,characters,.,@@NULL@@
The,middle,-,aged,woman,is,heading,home,.,@@NULL@@
The,dog,is,fetching,his,toy,that,his,master,threw,into,the,surf,.,@@NULL@@
Two,horse,chase,after,a,man,holding,a,carrot,.,@@NULL@@
A,man,taking,a,break,@@NULL@@
A,tall,human,wearing,glasses,@@NULL@@
A,woman,who,just,won,the,jackpot,at,the,casino,poses,for,a,picture,.,@@NULL@@
A,Ferrari,goes,through,the,drive,-,thru,.,@@NULL@@
Men,are,playing,basketball,.,@@NULL@@
a,man,is,taking,pictures,@@NULL@@
People,re,riding,bicycles,@@NULL@@
There,are,men,working,on,a,building,.,@@NULL@@
A,woman,is,taking,a,photo,of,a,man,standing,outside,in,the,sunlight,.,@@NULL@@
a,bear,jumps,@@NULL@@
The,boy,is,not,in,a,pool,.,@@NULL@@
People,are,throwing,rocks,.,@@NULL@@
People,are,nearby,.,@@NULL@@
A,cowboy,is,riding,a,bronco,outside,.,@@NULL@@
A,high,school,band,eating,spaghetti,on,Pluto,.,@@NULL@@
The,soccer,players,compete,in,the,championship,@@NULL@@
Three,people,are,riding,horses,across,a,course,.,@@NULL@@
A,car,drives,on,a,street,.,@@NULL@@
Two,friends,eat,pizza,at,a,diner,.,@@NULL@@
The,man,is,being,given,respect,.,@@NULL@@
Enjoy,the,town,on,foot,or,by,bike,.,@@NULL@@
A,girl,plays,guitar,and,sings,on,stage,.,@@NULL@@
A,man,forces,his,cat,to,learn,how,to,use,a,diving,board,.,@@NULL@@
People,in,uniform,are,working,near,a,fire,.,@@NULL@@
people,are,starting,and,leaving,a,fishing,boat,tour,@@NULL@@
A,man,is,pointing,into,the,ear,and,wearing,a,light,striped,shirt,.,@@NULL@@
A,basketball,player,is,trying,to,make,a,shot,while,two,players,try,to,block,it,.,@@NULL@@
a,guy,near,a,building,stands,by,two,other,men,@@NULL@@
People,are,showering,.,@@NULL@@
A,couple,gets,married,at,the,courthouse,.,@@NULL@@
The,women,are,playing,soccer,on,Mars,.,@@NULL@@
Two,women,are,praying,at,a,table,before,they,eat,their,lunch,.,@@NULL@@
The,girl,is,sitting,inside,.,@@NULL@@
A,woman,inspects,a,garment,.,@@NULL@@
A,dog,is,running,up,the,steps,of,a,building,.,@@NULL@@
A,tall,woman,in,a,red,jacket,and,sunglasses,smiles,at,the,camera,@@NULL@@
three,kids,on,a,swing,set,@@NULL@@
A,basket,weaving,instructor,at,the,fair,.,@@NULL@@
A,racecar,is,being,watched,.,@@NULL@@
Th,small,child,is,watching,a,performance,.,@@NULL@@
The,man,is,in,a,black,shirt,.,@@NULL@@
A,policewoman,is,sitting,on,the,motorcycle,behind,the,parked,car,.,@@NULL@@
A,boy,has,a,yellow,balloon,.,@@NULL@@
The,workers,are,sleeping,.,@@NULL@@
The,dog,is,a,chihuahua,.,@@NULL@@
A,skier,is,standing,on,a,blue,stretcher,while,three,men,watch,excitedly,@@NULL@@
The,man,is,lost,in,the,woods,.,@@NULL@@
A,car,door,has,not,been,shut,@@NULL@@
Uniformed,people,are,eating,@@NULL@@
A,group,of,people,are,sitting,in,the,library,.,@@NULL@@
a,man,stands,in,front,of,a,small,banana,pile,@@NULL@@
A,person,rides,a,skateboard,well,.,@@NULL@@
A,rally,in,a,seperate,country,.,@@NULL@@
A,woman,rides,her,bike,away,from,a,store,.,@@NULL@@
Two,women,with,cotton,candy,smile,.,@@NULL@@
A,man,is,cooking,with,a,lot,of,pots,.,@@NULL@@
An,old,man,inspecting,the,process,of,looming,.,@@NULL@@
A,person,is,trimming,a,tree,.,@@NULL@@
The,basketball,player,is,taking,a,foul,shot,.,@@NULL@@
The,man,is,not,wearing,a,shirt,.,@@NULL@@
A,red,car,is,driving,on,a,sunny,day,.,@@NULL@@
A,man,and,a,woman,are,hugging,in,front,of,a,restaurant,.,@@NULL@@
The,people,watch,as,the,soap,box,car,drives,by,them,.,@@NULL@@
A,family,reunion,is,in,progress,as,relatives,sit,at,tables,and,write,down,each,other,'s,addresses,.,@@NULL@@
THe,woman,is,giving,homework,to,the,children,.,@@NULL@@
Everyone,here,is,playing,some,video,games,.,@@NULL@@
a,woman,is,at,the,beach,@@NULL@@
The,man,has,black,hair,.,@@NULL@@
The,man,with,the,ipad,is,older,than,the,woman,reading,the,book,.,@@NULL@@
A,man,is,jumping,off,a,building,.,@@NULL@@
A,young,bicycle,rider,walks,on,top,of,a,downed,tree,for,fun,.,@@NULL@@
The,man,is,sitting,down,.,@@NULL@@
Two,boys,are,moving,at,high,speed,.,@@NULL@@
There,are,men,on,the,beach,.,@@NULL@@
The,ballerina,is,sleeping,soundly,.,@@NULL@@
A,man,is,holding,the,leash,of,a,dog,.,@@NULL@@
A,canoe,has,come,untied,from,the,dock,and,is,drifting,.,@@NULL@@
Gandalf,and,the,red,toy,crab,do,battle,in,the,streets,.,@@NULL@@
The,quarterback,is,throwing,the,football,.,@@NULL@@
A,boy,is,running,home,after,school,.,@@NULL@@
A,couple,are,having,a,photoshoot,.,@@NULL@@
A,man,admires,a,display,that,he,likes,.,@@NULL@@
Two,women,are,jogging,by,the,beach,.,@@NULL@@
Two,women,compete,in,a,tennis,match,.,@@NULL@@
A,large,human,sitting,.,@@NULL@@
the,man,is,flying,a,plane,@@NULL@@
People,eating,lunch,together,.,@@NULL@@
Man,stares,off,into,the,distance,at,the,incoming,clouds,.,@@NULL@@
Two,women,stand,in,a,kitchen,.,@@NULL@@
The,young,lady,was,walking,down,the,stairs,.,@@NULL@@
A,man,is,sitting,in,a,wheelchair,in,a,hospital,.,@@NULL@@
A,person,drying,clothes,@@NULL@@
A,group,of,people,including,a,man,and,a,woman,are,playing,instruments,on,a,double,-,decker,red,Planet,Hollywood,sightseeing,bus,.,@@NULL@@
The,moment,the,fan,saw,the,light,@@NULL@@
they,are,protesting,@@NULL@@
Group,of,people,at,the,beach,enjoying,a,hot,sunny,day,.,@@NULL@@
a,child,in,a,black,ninja,suit,does,a,kick,@@NULL@@
A,woman,walking,her,dog,before,leaving,to,work,@@NULL@@
The,man,is,riding,on,the,sidewalk,.,@@NULL@@
A,group,of,students,are,listening,.,@@NULL@@
People,at,a,train,station,.,@@NULL@@
two,women,arm,wrestle,in,a,bar,@@NULL@@
a,mom,takes,a,break,in,a,park,@@NULL@@
Two,girls,are,doing,the,same,pose,.,@@NULL@@
the,people,are,a,couple,@@NULL@@
Girls,are,not,having,a,good,time,.,@@NULL@@
The,woman,had,a,long,day,.,@@NULL@@
Someone,made,one,of,the,girls,cry,.,@@NULL@@
The,man,is,wearing,a,jacket,.,@@NULL@@
A,person,with,hair,@@NULL@@
A,man,and,woman,eating,vegetables,.,@@NULL@@
Musicians,are,passionate,about,music,.,@@NULL@@
A,man,is,driving,a,blue,vehicle,@@NULL@@
The,burning,blue,building,will,turn,to,dust,after,an,hour,.,@@NULL@@
A,worker,is,working,on,the,damages,caused,by,the,flood,.,@@NULL@@
The,child,will,go,down,the,slide,.,@@NULL@@
A,woman,says,Hi,to,another,woman,at,the,grocery,store,.,@@NULL@@
The,man,holding,the,beer,and,beer,glass,manages,to,pull,the,green,pieces,from,of,his,beard,.,@@NULL@@
A,man,is,surfing,.,@@NULL@@
The,black,dog,has,a,red,toy,.,@@NULL@@
A,human,wearing,glasses,@@NULL@@
a,boy,skateboarding,in,the,summer,on,a,street,@@NULL@@
A,human,standing,.,@@NULL@@
Several,people,are,standing,outside,near,water,.,@@NULL@@
A,couple,is,eating,inside,at,a,table,and,he,is,pointing,at,something,.,@@NULL@@
A,red,bus,backing,up,into,a,spot,@@NULL@@
three,men,dancing,as,a,stage,@@NULL@@
The,little,boy,is,yelling,at,the,girl,in,the,white,shirt,.,@@NULL@@
A,guy,wears,a,shirt,on,a,bike,.,@@NULL@@
An,animal,is,running,outside,.,@@NULL@@
The,boys,are,in,band,uniforms,@@NULL@@
The,child,is,at,the,beach,.,@@NULL@@
The,street,is,quiet,and,calm,.,@@NULL@@
Kid,showing,the,heavy,metal,hand,sign,.,@@NULL@@
The,kids,are,being,punished,.,@@NULL@@
A,child,at,a,party,.,@@NULL@@
The,woman,is,a,professional,photographer,@@NULL@@
Superman,single,handedly,cures,the,disease,@@NULL@@
The,men,are,construction,workers,.,@@NULL@@
the,woman,is,his,mother,@@NULL@@
a,child,eats,food,with,his,hands,@@NULL@@
A,man,in,a,uniform,is,talking,to,another,man,.,@@NULL@@
It,is,sunny,.,@@NULL@@
A,man,is,attempting,to,run,away,.,@@NULL@@
Two,dogs,are,playing,together,.,@@NULL@@
The,sun,sets,as,a,group,of,skiers,finish,a,race,.,@@NULL@@
Players,are,wearing,helmet,.,@@NULL@@
A,man,holding,a,picture,of,a,small,dog,is,painting,a,small,dog,in,near,life,size,on,a,white,canvas,@@NULL@@
A,person,is,looking,at,the,mountain,waiting,for,the,right,time,to,climb,it,.,@@NULL@@
Businessman,considers,buying,a,gift,.,@@NULL@@
A,man,is,twisting,a,balloon,into,the,shape,of,a,dog,.,@@NULL@@
a,man,falls,from,a,bull,@@NULL@@
Two,boys,eating,cupcakes,.,@@NULL@@
The,river,is,wild,@@NULL@@
A,man,has,his,boy,and,his,dog,out,enjoying,time,spent,together,while,shopping,.,@@NULL@@
Two,people,stand,lost,in,thought,in,front,of,a,tree,.,@@NULL@@
People,are,seated,at,tables,at,a,wedding,reception,.,@@NULL@@
